epoch,step,test_acc,train_acc,train_loss,val_acc,val_loss
0,49,,,0.6761945486068726,,
0,99,,,0.6839877963066101,,
0,149,,,0.6722264885902405,,
0,199,,,0.6788233518600464,,
0,249,,,0.6886348724365234,,
0,299,,,0.6979794502258301,,
0,349,,,0.676336407661438,,
0,399,,,0.6867601871490479,,
0,449,,,0.6808218955993652,,
0,499,,,0.6905852556228638,,
0,549,,,0.6871243119239807,,
0,599,,,0.6772469282150269,,
0,649,,,0.6794742345809937,,
0,699,,,0.6780248880386353,,
0,749,,,0.6744624972343445,,
0,799,,,0.6708303689956665,,
0,849,,,0.6532527208328247,,
0,899,,,0.6813116669654846,,
0,949,,,0.6689985394477844,,
0,999,,,0.6936355829238892,,
0,1049,,,0.6776930093765259,,
0,1093,,,,0.6295999884605408,0.6733713150024414
0,1093,,0.581257164478302,,,
1,1099,,,0.6759471297264099,,
1,1149,,,0.6880347728729248,,
1,1199,,,0.6727595329284668,,
1,1249,,,0.6809000372886658,,
1,1299,,,0.6668135523796082,,
1,1349,,,0.6906773447990417,,
1,1399,,,0.6707127094268799,,
1,1449,,,0.6722850203514099,,
1,1499,,,0.6766270995140076,,
1,1549,,,0.6504267454147339,,
1,1599,,,0.6652054786682129,,
1,1649,,,0.6571713089942932,,
1,1699,,,0.6737343072891235,,
1,1749,,,0.6592969298362732,,
1,1799,,,0.6555958390235901,,
1,1849,,,0.6537618637084961,,
1,1899,,,0.666472315788269,,
1,1949,,,0.656239926815033,,
1,1999,,,0.6495101451873779,,
1,2049,,,0.6689844727516174,,
1,2099,,,0.6763182282447815,,
1,2149,,,0.6492173075675964,,
1,2187,,,,0.6837999820709229,0.6589488983154297
1,2187,,0.6542285680770874,,,
2,2199,,,0.6644335985183716,,
2,2249,,,0.6769752502441406,,
2,2299,,,0.6477847099304199,,
2,2349,,,0.6748591065406799,,
2,2399,,,0.6562091112136841,,
2,2449,,,0.6679642796516418,,
2,2499,,,0.6702518463134766,,
2,2549,,,0.6455207467079163,,
2,2599,,,0.6504146456718445,,
2,2649,,,0.6767147779464722,,
2,2699,,,0.6606312990188599,,
2,2749,,,0.6531827449798584,,
2,2799,,,0.627678394317627,,
2,2849,,,0.6610013246536255,,
2,2899,,,0.6630558967590332,,
2,2949,,,0.6364381313323975,,
2,2999,,,0.6600360870361328,,
2,3049,,,0.6622989177703857,,
2,3099,,,0.6883711218833923,,
2,3149,,,0.6579635739326477,,
2,3199,,,0.6449249982833862,,
2,3249,,,0.6271111369132996,,
2,3281,,,,0.7075999975204468,0.6464291214942932
2,3281,,0.6901142597198486,,,
3,3299,,,0.6439779996871948,,
3,3349,,,0.6696263551712036,,
3,3399,,,0.6704508662223816,,
3,3449,,,0.6480554938316345,,
3,3499,,,0.6440287232398987,,
3,3549,,,0.6374216675758362,,
3,3599,,,0.6572629809379578,,
3,3649,,,0.6685507297515869,,
3,3699,,,0.65076744556427,,
3,3749,,,0.6406428813934326,,
3,3799,,,0.5918369293212891,,
3,3849,,,0.6377975344657898,,
3,3899,,,0.5994793772697449,,
3,3949,,,0.6723091006278992,,
3,3999,,,0.637793779373169,,
3,4049,,,0.6362712383270264,,
3,4099,,,0.6381139159202576,,
3,4149,,,0.6601322889328003,,
3,4199,,,0.6379412412643433,,
3,4249,,,0.6383938789367676,,
3,4299,,,0.6292985677719116,,
3,4349,,,0.6300137639045715,,
3,4375,,,,0.724399983882904,0.6353809833526611
3,4375,,0.7104285955429077,,,
4,4399,,,0.6391031742095947,,
4,4449,,,0.6128541231155396,,
4,4499,,,0.6191374659538269,,
4,4549,,,0.6434289216995239,,
4,4599,,,0.6375846862792969,,
4,4649,,,0.6201245188713074,,
4,4699,,,0.6698194146156311,,
4,4749,,,0.6329812407493591,,
4,4799,,,0.6431084871292114,,
4,4849,,,0.6333798170089722,,
4,4899,,,0.6293374300003052,,
4,4949,,,0.6615596413612366,,
4,4999,,,0.611950159072876,,
4,5049,,,0.6481066942214966,,
4,5099,,,0.613310694694519,,
4,5149,,,0.6075507402420044,,
4,5199,,,0.6372677683830261,,
4,5249,,,0.5961297154426575,,
4,5299,,,0.6082624793052673,,
4,5349,,,0.6098989844322205,,
4,5399,,,0.6328859925270081,,
4,5449,,,0.650061845779419,,
4,5469,,,,0.7351999878883362,0.625337541103363
4,5469,,0.7254571318626404,,,
5,5499,,,0.6314336061477661,,
5,5549,,,0.5715213418006897,,
5,5599,,,0.6227695941925049,,
5,5649,,,0.6265054941177368,,
5,5699,,,0.641621470451355,,
5,5749,,,0.6245821714401245,,
5,5799,,,0.6285982728004456,,
5,5849,,,0.5989962220191956,,
5,5899,,,0.6387050151824951,,
5,5949,,,0.5855042338371277,,
5,5999,,,0.6568926572799683,,
5,6049,,,0.6394333243370056,,
5,6099,,,0.6297304630279541,,
5,6149,,,0.5920500159263611,,
5,6199,,,0.6024501919746399,,
5,6249,,,0.5984067320823669,,
5,6299,,,0.5976481437683105,,
5,6349,,,0.6512715220451355,,
5,6399,,,0.5980110764503479,,
5,6449,,,0.6117041707038879,,
5,6499,,,0.6202254295349121,,
5,6549,,,0.6305614113807678,,
5,6563,,,,0.7441999912261963,0.616219162940979
5,6563,,0.7360571622848511,,,
6,6599,,,0.569865882396698,,
6,6649,,,0.6061107516288757,,
6,6699,,,0.5914190411567688,,
6,6749,,,0.6203797459602356,,
6,6799,,,0.5834140181541443,,
6,6849,,,0.6104784607887268,,
6,6899,,,0.6107277870178223,,
6,6949,,,0.664811909198761,,
6,6999,,,0.6216263175010681,,
6,7049,,,0.6058281064033508,,
6,7099,,,0.5923622250556946,,
6,7149,,,0.6464927792549133,,
6,7199,,,0.6106783747673035,,
6,7249,,,0.6281141042709351,,
6,7299,,,0.63667893409729,,
6,7349,,,0.622231125831604,,
6,7399,,,0.6502873301506042,,
6,7449,,,0.6017933487892151,,
6,7499,,,0.6055379509925842,,
6,7549,,,0.5980126261711121,,
6,7599,,,0.6008460521697998,,
6,7649,,,0.5583472847938538,,
6,7657,,,,0.7534000277519226,0.6078461408615112
6,7657,,0.7467714548110962,,,
7,7699,,,0.5797089338302612,,
7,7749,,,0.6319358944892883,,
7,7799,,,0.6329587697982788,,
7,7849,,,0.6548815369606018,,
7,7899,,,0.6051641702651978,,
7,7949,,,0.598223865032196,,
7,7999,,,0.6239407062530518,,
7,8049,,,0.606228232383728,,
7,8099,,,0.6156215667724609,,
7,8149,,,0.6074408888816833,,
7,8199,,,0.5744227170944214,,
7,8249,,,0.6319693922996521,,
7,8299,,,0.6112095713615417,,
7,8349,,,0.6269731521606445,,
7,8399,,,0.5968470573425293,,
7,8449,,,0.5806777477264404,,
7,8499,,,0.5848332643508911,,
7,8549,,,0.6166813373565674,,
7,8599,,,0.5622797608375549,,
7,8649,,,0.6374239325523376,,
7,8699,,,0.590524435043335,,
7,8749,,,0.5534756183624268,,
7,8751,,,,0.7616000175476074,0.6001043319702148
7,8751,,0.7559999823570251,,,
8,8799,,,0.6223195195198059,,
8,8849,,,0.5784344673156738,,
8,8899,,,0.5999159812927246,,
8,8949,,,0.5775544047355652,,
8,8999,,,0.5884355902671814,,
8,9049,,,0.5746162533760071,,
8,9099,,,0.5720447301864624,,
8,9149,,,0.6553153991699219,,
8,9199,,,0.6234050393104553,,
8,9249,,,0.5865570902824402,,
8,9299,,,0.6498744487762451,,
8,9349,,,0.6191406846046448,,
8,9399,,,0.5912922620773315,,
8,9449,,,0.588534951210022,,
8,9499,,,0.6319390535354614,,
8,9549,,,0.6294112801551819,,
8,9599,,,0.5907329320907593,,
8,9649,,,0.5745663642883301,,
8,9699,,,0.6044101715087891,,
8,9749,,,0.6064674258232117,,
8,9799,,,0.6036616563796997,,
8,9845,,,,0.7652000188827515,0.592890739440918
8,9845,,0.7643142938613892,,,
9,9849,,,0.6164575219154358,,
9,9899,,,0.5577564835548401,,
9,9949,,,0.5809231400489807,,
9,9999,,,0.5509126782417297,,
9,10049,,,0.5641559958457947,,
9,10099,,,0.6332467198371887,,
9,10149,,,0.5705381631851196,,
9,10199,,,0.6252063512802124,,
9,10249,,,0.6207728981971741,,
9,10299,,,0.6158932447433472,,
9,10349,,,0.6222875714302063,,
9,10399,,,0.5471696257591248,,
9,10449,,,0.5997557640075684,,
9,10499,,,0.5825691223144531,,
9,10549,,,0.560817539691925,,
9,10599,,,0.624250054359436,,
9,10649,,,0.5639721155166626,,
9,10699,,,0.6181594133377075,,
9,10749,,,0.5804534554481506,,
9,10799,,,0.5999369025230408,,
9,10849,,,0.5528391599655151,,
9,10899,,,0.6191877126693726,,
9,10939,,,,0.7739999890327454,0.5861740112304688
9,10939,,0.7700571417808533,,,
10,10949,,,0.5608210563659668,,
10,10999,,,0.5962865352630615,,
10,11049,,,0.5971972942352295,,
10,11099,,,0.5551385879516602,,
10,11149,,,0.5890633463859558,,
10,11199,,,0.5998619794845581,,
10,11249,,,0.5619208216667175,,
10,11299,,,0.5797454118728638,,
10,11349,,,0.5345520377159119,,
10,11399,,,0.6230331659317017,,
10,11449,,,0.5894683599472046,,
10,11499,,,0.6507017016410828,,
10,11549,,,0.6260243058204651,,
10,11599,,,0.5780715942382812,,
10,11649,,,0.5421394109725952,,
10,11699,,,0.589195966720581,,
10,11749,,,0.6161660552024841,,
10,11799,,,0.5760911703109741,,
10,11849,,,0.5975417494773865,,
10,11899,,,0.5725101828575134,,
10,11949,,,0.6117189526557922,,
10,11999,,,0.5943847894668579,,
10,12033,,,,0.777400016784668,0.5798808336257935
10,12033,,0.774571418762207,,,
11,12049,,,0.6097171306610107,,
11,12099,,,0.5590140223503113,,
11,12149,,,0.5791015625,,
11,12199,,,0.5783426761627197,,
11,12249,,,0.5370848178863525,,
11,12299,,,0.6251621246337891,,
11,12349,,,0.5811133980751038,,
11,12399,,,0.5772688984870911,,
11,12449,,,0.6177797913551331,,
11,12499,,,0.6495169997215271,,
11,12549,,,0.5589773058891296,,
11,12599,,,0.6172893047332764,,
11,12649,,,0.5711193084716797,,
11,12699,,,0.5549941062927246,,
11,12749,,,0.5322077870368958,,
11,12799,,,0.5999599695205688,,
11,12849,,,0.5618752241134644,,
11,12899,,,0.5663818717002869,,
11,12949,,,0.5720774531364441,,
11,12999,,,0.589350700378418,,
11,13049,,,0.5865181684494019,,
11,13099,,,0.617935836315155,,
11,13127,,,,0.7833999991416931,0.5739678740501404
11,13127,,0.7810571193695068,,,
12,13149,,,0.5989556908607483,,
12,13199,,,0.5697411298751831,,
12,13249,,,0.5982586145401001,,
12,13299,,,0.5707240104675293,,
12,13349,,,0.5110889077186584,,
12,13399,,,0.5857774615287781,,
12,13449,,,0.5884573459625244,,
12,13499,,,0.5473425984382629,,
12,13549,,,0.5934026837348938,,
12,13599,,,0.5810911059379578,,
12,13649,,,0.5450899600982666,,
12,13699,,,0.633607804775238,,
12,13749,,,0.5556187629699707,,
12,13799,,,0.5677934885025024,,
12,13849,,,0.5505626797676086,,
12,13899,,,0.5883025527000427,,
12,13949,,,0.5883373618125916,,
12,13999,,,0.6013898849487305,,
12,14049,,,0.5412986874580383,,
12,14099,,,0.5759158730506897,,
12,14149,,,0.5952328443527222,,
12,14199,,,0.5494706034660339,,
12,14221,,,,0.7870000004768372,0.5684167742729187
12,14221,,0.7843714356422424,,,
13,14249,,,0.5483208894729614,,
13,14299,,,0.5799868702888489,,
13,14349,,,0.5714553594589233,,
13,14399,,,0.5492789149284363,,
13,14449,,,0.5909048914909363,,
13,14499,,,0.5479378700256348,,
13,14549,,,0.57732754945755,,
13,14599,,,0.5763609409332275,,
13,14649,,,0.565079927444458,,
13,14699,,,0.5450197458267212,,
13,14749,,,0.48475030064582825,,
13,14799,,,0.6073227524757385,,
13,14849,,,0.5976129770278931,,
13,14899,,,0.5130124092102051,,
13,14949,,,0.5130073428153992,,
13,14999,,,0.5455784797668457,,
13,15049,,,0.5738024711608887,,
13,15099,,,0.5371289253234863,,
13,15149,,,0.5234657526016235,,
13,15199,,,0.5927944779396057,,
13,15249,,,0.5183101296424866,,
13,15299,,,0.5340722799301147,,
13,15315,,,,0.7907999753952026,0.5631986260414124
13,15315,,0.7869428396224976,,,
14,15349,,,0.551266610622406,,
14,15399,,,0.5646344423294067,,
14,15449,,,0.5501052141189575,,
14,15499,,,0.5599880218505859,,
14,15549,,,0.6094409227371216,,
14,15599,,,0.5706931948661804,,
14,15649,,,0.5379168391227722,,
14,15699,,,0.568915069103241,,
14,15749,,,0.5488727688789368,,
14,15799,,,0.5103034377098083,,
14,15849,,,0.5002620816230774,,
14,15899,,,0.6098302006721497,,
14,15949,,,0.5420544743537903,,
14,15999,,,0.5588078498840332,,
14,16049,,,0.530917763710022,,
14,16099,,,0.51753169298172,,
14,16149,,,0.5741618871688843,,
14,16199,,,0.603916347026825,,
14,16249,,,0.530312716960907,,
14,16299,,,0.5888316035270691,,
14,16349,,,0.561968207359314,,
14,16399,,,0.5738991498947144,,
14,16409,,,,0.7943999767303467,0.5582202672958374
14,16409,,0.7901999950408936,,,
15,16449,,,0.5635858774185181,,
15,16499,,,0.5877203345298767,,
15,16549,,,0.6016268134117126,,
15,16599,,,0.611198902130127,,
15,16649,,,0.49439501762390137,,
15,16699,,,0.550950288772583,,
15,16749,,,0.552075982093811,,
15,16799,,,0.49110910296440125,,
15,16849,,,0.5212550163269043,,
15,16899,,,0.5380197763442993,,
15,16949,,,0.5359794497489929,,
15,16999,,,0.4936024844646454,,
15,17049,,,0.4986562430858612,,
15,17099,,,0.5662832856178284,,
15,17149,,,0.6734646558761597,,
15,17199,,,0.5163898468017578,,
15,17249,,,0.5738018155097961,,
15,17299,,,0.4756564199924469,,
15,17349,,,0.5063633322715759,,
15,17399,,,0.5278558731079102,,
15,17449,,,0.5699872970581055,,
15,17499,,,0.5963098406791687,,
15,17503,,,,0.7964000105857849,0.5535163283348083
15,17503,,0.7927713990211487,,,
16,17549,,,0.517832338809967,,
16,17599,,,0.5656247138977051,,
16,17649,,,0.6020495295524597,,
16,17699,,,0.5229142308235168,,
16,17749,,,0.543921172618866,,
16,17799,,,0.5517193675041199,,
16,17849,,,0.582176148891449,,
16,17899,,,0.5642747282981873,,
16,17949,,,0.568973958492279,,
16,17999,,,0.5104597210884094,,
16,18049,,,0.5058169960975647,,
16,18099,,,0.5452333688735962,,
16,18149,,,0.5065110921859741,,
16,18199,,,0.544359564781189,,
16,18249,,,0.6049531698226929,,
16,18299,,,0.5699160099029541,,
16,18349,,,0.5184698700904846,,
16,18399,,,0.5216430425643921,,
16,18449,,,0.5678869485855103,,
16,18499,,,0.5721275210380554,,
16,18549,,,0.5396539568901062,,
16,18597,,,,0.798799991607666,0.5490400791168213
16,18597,,0.7960285544395447,,,
17,18599,,,0.6040460467338562,,
17,18649,,,0.5396004915237427,,
17,18699,,,0.62646484375,,
17,18749,,,0.536048412322998,,
17,18799,,,0.5659127831459045,,
17,18849,,,0.5814228653907776,,
17,18899,,,0.5686624050140381,,
17,18949,,,0.5410940051078796,,
17,18999,,,0.5667629241943359,,
17,19049,,,0.5388964414596558,,
17,19099,,,0.5769214630126953,,
17,19149,,,0.5631615519523621,,
17,19199,,,0.512837827205658,,
17,19249,,,0.5141092538833618,,
17,19299,,,0.5053460597991943,,
17,19349,,,0.4992971420288086,,
17,19399,,,0.5772925615310669,,
17,19449,,,0.5612829923629761,,
17,19499,,,0.49095144867897034,,
17,19549,,,0.5089976191520691,,
17,19599,,,0.4791184067726135,,
17,19649,,,0.5073376297950745,,
17,19691,,,,0.800000011920929,0.5447989702224731
17,19691,,0.7981428503990173,,,
18,19699,,,0.5449053049087524,,
18,19749,,,0.5134503841400146,,
18,19799,,,0.5056013464927673,,
18,19849,,,0.4710523784160614,,
18,19899,,,0.5833685398101807,,
18,19949,,,0.502250075340271,,
18,19999,,,0.50030916929245,,
18,20049,,,0.5256337523460388,,
18,20099,,,0.5562155842781067,,
18,20149,,,0.4986394941806793,,
18,20199,,,0.5659814476966858,,
18,20249,,,0.5727881193161011,,
18,20299,,,0.6109675765037537,,
18,20349,,,0.5823675990104675,,
18,20399,,,0.5876339673995972,,
18,20449,,,0.5532625913619995,,
18,20499,,,0.5347849726676941,,
18,20549,,,0.6121497750282288,,
18,20599,,,0.5586565732955933,,
18,20649,,,0.5269594788551331,,
18,20699,,,0.5483956933021545,,
18,20749,,,0.4894157946109772,,
18,20785,,,,0.8008000254631042,0.5407342910766602
18,20785,,0.800428569316864,,,
19,20799,,,0.5088261365890503,,
19,20849,,,0.5673145055770874,,
19,20899,,,0.5560445785522461,,
19,20949,,,0.577369213104248,,
19,20999,,,0.4484321177005768,,
19,21049,,,0.48705628514289856,,
19,21099,,,0.6799601912498474,,
19,21149,,,0.5543471574783325,,
19,21199,,,0.5376847386360168,,
19,21249,,,0.521492600440979,,
19,21299,,,0.5183173418045044,,
19,21349,,,0.5383450984954834,,
19,21399,,,0.5151424407958984,,
19,21449,,,0.45517924427986145,,
19,21499,,,0.5711185336112976,,
19,21549,,,0.4813365936279297,,
19,21599,,,0.5504900813102722,,
19,21649,,,0.5419766306877136,,
19,21699,,,0.4854198694229126,,
19,21749,,,0.531619668006897,,
19,21799,,,0.4562998414039612,,
19,21849,,,0.4987976849079132,,
19,21879,,,,0.8008000254631042,0.5368847250938416
19,21879,,0.801714301109314,,,
20,21899,,,0.5553990006446838,,
20,21949,,,0.49301469326019287,,
20,21999,,,0.5762858390808105,,
20,22049,,,0.537618100643158,,
20,22099,,,0.5082657337188721,,
20,22149,,,0.5981501340866089,,
20,22199,,,0.5615735650062561,,
20,22249,,,0.5598518252372742,,
20,22299,,,0.5070177316665649,,
20,22349,,,0.5279335379600525,,
20,22399,,,0.5540046095848083,,
20,22449,,,0.6705499291419983,,
20,22499,,,0.5126630067825317,,
20,22549,,,0.5855209231376648,,
20,22599,,,0.6105927228927612,,
20,22649,,,0.526026725769043,,
20,22699,,,0.5653377771377563,,
20,22749,,,0.5361844301223755,,
20,22799,,,0.46865224838256836,,
20,22849,,,0.48225316405296326,,
20,22899,,,0.5567752122879028,,
20,22949,,,0.5127109885215759,,
20,22973,,,,0.8037999868392944,0.5331762433052063
20,22973,,0.8036285638809204,,,
21,22999,,,0.48805665969848633,,
21,23049,,,0.504233717918396,,
21,23099,,,0.6163293719291687,,
21,23149,,,0.5231138467788696,,
21,23199,,,0.4937417209148407,,
21,23249,,,0.5884631276130676,,
21,23299,,,0.4977521002292633,,
21,23349,,,0.5261821746826172,,
21,23399,,,0.5338603258132935,,
21,23449,,,0.488208532333374,,
21,23499,,,0.5799650549888611,,
21,23549,,,0.5511633157730103,,
21,23599,,,0.6475179195404053,,
21,23649,,,0.5527632236480713,,
21,23699,,,0.5185803771018982,,
21,23749,,,0.5491087436676025,,
21,23799,,,0.5799166560173035,,
21,23849,,,0.5473943948745728,,
21,23899,,,0.5720146894454956,,
21,23949,,,0.5958864092826843,,
21,23999,,,0.5220134258270264,,
21,24049,,,0.5531290173530579,,
21,24067,,,,0.8047999739646912,0.5296321511268616
21,24067,,0.80497145652771,,,
22,24099,,,0.5000913739204407,,
22,24149,,,0.46084827184677124,,
22,24199,,,0.5566210746765137,,
22,24249,,,0.5528598427772522,,
22,24299,,,0.5092905759811401,,
22,24349,,,0.5210003852844238,,
22,24399,,,0.5858214497566223,,
22,24449,,,0.4916366636753082,,
22,24499,,,0.5251711010932922,,
22,24549,,,0.5029762983322144,,
22,24599,,,0.5681683421134949,,
22,24649,,,0.5457793474197388,,
22,24699,,,0.5191961526870728,,
22,24749,,,0.5529220104217529,,
22,24799,,,0.5076980590820312,,
22,24849,,,0.5087353587150574,,
22,24899,,,0.597749650478363,,
22,24949,,,0.5098440051078796,,
22,24999,,,0.5044756531715393,,
22,25049,,,0.4706284999847412,,
22,25099,,,0.5098605155944824,,
22,25149,,,0.49674952030181885,,
22,25161,,,,0.805400013923645,0.526228666305542
22,25161,,0.8066285848617554,,,
23,25199,,,0.48579689860343933,,
23,25249,,,0.5852100849151611,,
23,25299,,,0.5607972145080566,,
23,25349,,,0.5439227819442749,,
23,25399,,,0.4891343116760254,,
23,25449,,,0.508705735206604,,
23,25499,,,0.5478734374046326,,
23,25549,,,0.540764331817627,,
23,25599,,,0.5540205836296082,,
23,25649,,,0.4250270426273346,,
23,25699,,,0.6040166020393372,,
23,25749,,,0.6119853258132935,,
23,25799,,,0.4834272265434265,,
23,25849,,,0.5210458040237427,,
23,25899,,,0.5099275708198547,,
23,25949,,,0.5520621538162231,,
23,25999,,,0.5384602546691895,,
23,26049,,,0.5333667993545532,,
23,26099,,,0.5112074017524719,,
23,26149,,,0.5484755635261536,,
23,26199,,,0.5588869452476501,,
23,26249,,,0.5130125880241394,,
23,26255,,,,0.8069999814033508,0.522958517074585
23,26255,,0.8082857131958008,,,
24,26299,,,0.5013271570205688,,
24,26349,,,0.5003582239151001,,
24,26399,,,0.5119670033454895,,
24,26449,,,0.49491479992866516,,
24,26499,,,0.5468987226486206,,
24,26549,,,0.49647125601768494,,
24,26599,,,0.4577706456184387,,
24,26649,,,0.6499390602111816,,
24,26699,,,0.5245504975318909,,
24,26749,,,0.5541654825210571,,
24,26799,,,0.520426869392395,,
24,26849,,,0.537390947341919,,
24,26899,,,0.4614264667034149,,
24,26949,,,0.534693717956543,,
24,26999,,,0.4899844229221344,,
24,27049,,,0.48034054040908813,,
24,27099,,,0.4997401237487793,,
24,27149,,,0.4991914629936218,,
24,27199,,,0.5439481735229492,,
24,27249,,,0.5389490127563477,,
24,27299,,,0.5900662541389465,,
24,27349,,,0.5575808882713318,,
24,27349,,,,0.8091999888420105,0.5198042392730713
24,27349,,0.8094285726547241,,,
25,27399,,,0.5360502004623413,,
25,27449,,,0.547123908996582,,
25,27499,,,0.4247281849384308,,
25,27549,,,0.5576480627059937,,
25,27599,,,0.5408385992050171,,
25,27649,,,0.49947601556777954,,
25,27699,,,0.5216524600982666,,
25,27749,,,0.5294795036315918,,
25,27799,,,0.4933013617992401,,
25,27849,,,0.5123242139816284,,
25,27899,,,0.5159952044487,,
25,27949,,,0.45547232031822205,,
25,27999,,,0.4637729525566101,,
25,28049,,,0.46294108033180237,,
25,28099,,,0.5498650670051575,,
25,28149,,,0.48017483949661255,,
25,28199,,,0.49756598472595215,,
25,28249,,,0.4792881906032562,,
25,28299,,,0.5258852243423462,,
25,28349,,,0.4972481429576874,,
25,28399,,,0.5607093572616577,,
25,28443,,,,0.8112000226974487,0.5167803764343262
25,28443,,0.8109999895095825,,,
26,28449,,,0.5646299123764038,,
26,28499,,,0.5346746444702148,,
26,28549,,,0.5709980726242065,,
26,28599,,,0.5521393418312073,,
26,28649,,,0.5462679862976074,,
26,28699,,,0.559974730014801,,
26,28749,,,0.5207965970039368,,
26,28799,,,0.5141686201095581,,
26,28849,,,0.4912649393081665,,
26,28899,,,0.5119718313217163,,
26,28949,,,0.4908891022205353,,
26,28999,,,0.5210782289505005,,
26,29049,,,0.4697108268737793,,
26,29099,,,0.48858195543289185,,
26,29149,,,0.5657517910003662,,
26,29199,,,0.5777040123939514,,
26,29249,,,0.49697989225387573,,
26,29299,,,0.4946309030056,,
26,29349,,,0.49394816160202026,,
26,29399,,,0.4742734432220459,,
26,29449,,,0.50002521276474,,
26,29499,,,0.5809478163719177,,
26,29537,,,,0.8140000104904175,0.5138722658157349
26,29537,,0.8123428821563721,,,
27,29549,,,0.4766622483730316,,
27,29599,,,0.5131325125694275,,
27,29649,,,0.510443925857544,,
27,29699,,,0.5081557035446167,,
27,29749,,,0.48409304022789,,
27,29799,,,0.5686448216438293,,
27,29849,,,0.5036042332649231,,
27,29899,,,0.46890220046043396,,
27,29949,,,0.5488278865814209,,
27,29999,,,0.5040044784545898,,
27,30049,,,0.5123627781867981,,
27,30099,,,0.5317164659500122,,
27,30149,,,0.5259836912155151,,
27,30199,,,0.5103787183761597,,
27,30249,,,0.5025935173034668,,
27,30299,,,0.4469951093196869,,
27,30349,,,0.513643741607666,,
27,30399,,,0.5360743403434753,,
27,30449,,,0.5427108407020569,,
27,30499,,,0.5022837519645691,,
27,30549,,,0.4899853765964508,,
27,30599,,,0.5407202839851379,,
27,30631,,,,0.8148000240325928,0.511062502861023
27,30631,,0.8131142854690552,,,
28,30649,,,0.4076399505138397,,
28,30699,,,0.43199315667152405,,
28,30749,,,0.48109671473503113,,
28,30799,,,0.5134071111679077,,
28,30849,,,0.575171709060669,,
28,30899,,,0.49044692516326904,,
28,30949,,,0.5048479437828064,,
28,30999,,,0.5347390174865723,,
28,31049,,,0.47371771931648254,,
28,31099,,,0.5541951656341553,,
28,31149,,,0.4955537021160126,,
28,31199,,,0.5673800110816956,,
28,31249,,,0.4834098815917969,,
28,31299,,,0.5512861609458923,,
28,31349,,,0.48841702938079834,,
28,31399,,,0.48484721779823303,,
28,31449,,,0.4950355887413025,,
28,31499,,,0.5141016840934753,,
28,31549,,,0.4701201915740967,,
28,31599,,,0.5596500635147095,,
28,31649,,,0.46048828959465027,,
28,31699,,,0.4957367777824402,,
28,31725,,,,0.8148000240325928,0.5083427429199219
28,31725,,0.8143143057823181,,,
29,31749,,,0.5045746564865112,,
29,31799,,,0.5646019577980042,,
29,31849,,,0.509941041469574,,
29,31899,,,0.4686926305294037,,
29,31949,,,0.6039658188819885,,
29,31999,,,0.5675737261772156,,
29,32049,,,0.5306993722915649,,
29,32099,,,0.5026949048042297,,
29,32149,,,0.4561667740345001,,
29,32199,,,0.4541034698486328,,
29,32249,,,0.4196872413158417,,
29,32299,,,0.46481263637542725,,
29,32349,,,0.4960973560810089,,
29,32399,,,0.5251790881156921,,
29,32449,,,0.545548677444458,,
29,32499,,,0.4875713884830475,,
29,32549,,,0.48109689354896545,,
29,32599,,,0.4977087378501892,,
29,32649,,,0.49589431285858154,,
29,32699,,,0.5341481566429138,,
29,32749,,,0.5063827037811279,,
29,32799,,,0.4787554144859314,,
29,32819,,,,0.8159999847412109,0.5057323575019836
29,32819,,0.8156856894493103,,,
30,32849,,,0.5410414338111877,,
30,32899,,,0.4871602952480316,,
30,32949,,,0.5258095264434814,,
30,32999,,,0.5027251243591309,,
30,33049,,,0.43052980303764343,,
30,33099,,,0.5462743639945984,,
30,33149,,,0.4342848062515259,,
30,33199,,,0.52839595079422,,
30,33249,,,0.5681288838386536,,
30,33299,,,0.4649321734905243,,
30,33349,,,0.46916329860687256,,
30,33399,,,0.5145109295845032,,
30,33449,,,0.49382802844047546,,
30,33499,,,0.48513492941856384,,
30,33549,,,0.5028865337371826,,
30,33599,,,0.44900545477867126,,
30,33649,,,0.48134440183639526,,
30,33699,,,0.4642418622970581,,
30,33749,,,0.43191808462142944,,
30,33799,,,0.5479834675788879,,
30,33849,,,0.46089401841163635,,
30,33899,,,0.5034854412078857,,
30,33913,,,,0.8172000050544739,0.5032027959823608
30,33913,,0.8168285489082336,,,
31,33949,,,0.54787677526474,,
31,33999,,,0.466003954410553,,
31,34049,,,0.6142929196357727,,
31,34099,,,0.4927992522716522,,
31,34149,,,0.5445957183837891,,
31,34199,,,0.46346089243888855,,
31,34249,,,0.4888416826725006,,
31,34299,,,0.5069549083709717,,
31,34349,,,0.49808594584465027,,
31,34399,,,0.5123419165611267,,
31,34449,,,0.450671911239624,,
31,34499,,,0.5157845616340637,,
31,34549,,,0.6024988889694214,,
31,34599,,,0.5455875396728516,,
31,34649,,,0.5288367867469788,,
31,34699,,,0.4674014449119568,,
31,34749,,,0.5778190493583679,,
31,34799,,,0.47022706270217896,,
31,34849,,,0.5858020782470703,,
31,34899,,,0.5395771861076355,,
31,34949,,,0.43664729595184326,,
31,34999,,,0.4818915128707886,,
31,35007,,,,0.8181999921798706,0.5007435083389282
31,35007,,0.8181142807006836,,,
32,35049,,,0.3975471258163452,,
32,35099,,,0.44693806767463684,,
32,35149,,,0.5307290554046631,,
32,35199,,,0.5016525387763977,,
32,35249,,,0.46446651220321655,,
32,35299,,,0.5082395076751709,,
32,35349,,,0.4285234212875366,,
32,35399,,,0.4793465733528137,,
32,35449,,,0.5718207955360413,,
32,35499,,,0.5100431442260742,,
32,35549,,,0.4501760005950928,,
32,35599,,,0.5146543383598328,,
32,35649,,,0.6838761568069458,,
32,35699,,,0.534575879573822,,
32,35749,,,0.5755516290664673,,
32,35799,,,0.4897802472114563,,
32,35849,,,0.4710071086883545,,
32,35899,,,0.5944585800170898,,
32,35949,,,0.4477754533290863,,
32,35999,,,0.4754209816455841,,
32,36049,,,0.525173008441925,,
32,36099,,,0.46900179982185364,,
32,36101,,,,0.8185999989509583,0.4983651340007782
32,36101,,0.8193143010139465,,,
33,36149,,,0.485917866230011,,
33,36199,,,0.5123685002326965,,
33,36249,,,0.5166361927986145,,
33,36299,,,0.5935165882110596,,
33,36349,,,0.4883955717086792,,
33,36399,,,0.5844491124153137,,
33,36449,,,0.5004335641860962,,
33,36499,,,0.4580911695957184,,
33,36549,,,0.4453077018260956,,
33,36599,,,0.48400217294692993,,
33,36649,,,0.4159115254878998,,
33,36699,,,0.4785587787628174,,
33,36749,,,0.7186500430107117,,
33,36799,,,0.48153284192085266,,
33,36849,,,0.5989948511123657,,
33,36899,,,0.533806562423706,,
33,36949,,,0.5114371180534363,,
33,36999,,,0.47976353764533997,,
33,37049,,,0.586637556552887,,
33,37099,,,0.5727806687355042,,
33,37149,,,0.48731186985969543,,
33,37195,,,,0.8185999989509583,0.4960784316062927
33,37195,,0.8201428651809692,,,
34,37199,,,0.4226488769054413,,
34,37249,,,0.49579763412475586,,
34,37299,,,0.5574284195899963,,
34,37349,,,0.5040994882583618,,
34,37399,,,0.5125609040260315,,
34,37449,,,0.506868839263916,,
34,37499,,,0.5273930430412292,,
34,37549,,,0.5011104345321655,,
34,37599,,,0.44807809591293335,,
34,37649,,,0.40472254157066345,,
34,37699,,,0.5766579508781433,,
34,37749,,,0.460042804479599,,
34,37799,,,0.4709649682044983,,
34,37849,,,0.546175479888916,,
34,37899,,,0.5060161352157593,,
34,37949,,,0.47130322456359863,,
34,37999,,,0.47650784254074097,,
34,38049,,,0.4778880774974823,,
34,38099,,,0.560358464717865,,
34,38149,,,0.526160717010498,,
34,38199,,,0.553701639175415,,
34,38249,,,0.5142447352409363,,
34,38289,,,,0.8198000192642212,0.4938298463821411
34,38289,,0.8212000131607056,,,
35,38299,,,0.47184160351753235,,
35,38349,,,0.5101056694984436,,
35,38399,,,0.4637545049190521,,
35,38449,,,0.4686380922794342,,
35,38499,,,0.505324125289917,,
35,38549,,,0.5064319372177124,,
35,38599,,,0.4657919406890869,,
35,38649,,,0.5520305037498474,,
35,38699,,,0.4314698278903961,,
35,38749,,,0.3882003426551819,,
35,38799,,,0.5088369250297546,,
35,38849,,,0.513575553894043,,
35,38899,,,0.5867059826850891,,
35,38949,,,0.4192827641963959,,
35,38999,,,0.4276561439037323,,
35,39049,,,0.6124953627586365,,
35,39099,,,0.45445746183395386,,
35,39149,,,0.5146614909172058,,
35,39199,,,0.49807125329971313,,
35,39249,,,0.48421114683151245,,
35,39299,,,0.49730968475341797,,
35,39349,,,0.43777039647102356,,
35,39383,,,,0.8205999732017517,0.4916543960571289
35,39383,,0.821742832660675,,,
36,39399,,,0.626595675945282,,
36,39449,,,0.4574911892414093,,
36,39499,,,0.379268079996109,,
36,39549,,,0.43751242756843567,,
36,39599,,,0.4806210398674011,,
36,39649,,,0.5645334124565125,,
36,39699,,,0.38910937309265137,,
36,39749,,,0.47554337978363037,,
36,39799,,,0.4663700461387634,,
36,39849,,,0.44546398520469666,,
36,39899,,,0.5720317959785461,,
36,39949,,,0.5748758316040039,,
36,39999,,,0.5615742802619934,,
36,40049,,,0.5503995418548584,,
36,40099,,,0.5108131170272827,,
36,40149,,,0.5140414237976074,,
36,40199,,,0.5048220157623291,,
36,40249,,,0.4501158595085144,,
36,40299,,,0.4793441891670227,,
36,40349,,,0.44853198528289795,,
36,40399,,,0.50606369972229,,
36,40449,,,0.4579821527004242,,
36,40477,,,,0.8202000260353088,0.4895545542240143
36,40477,,0.8224571347236633,,,
37,40499,,,0.5081023573875427,,
37,40549,,,0.48591792583465576,,
37,40599,,,0.6101289391517639,,
37,40649,,,0.48027244210243225,,
37,40699,,,0.49779507517814636,,
37,40749,,,0.5048202276229858,,
37,40799,,,0.5030927658081055,,
37,40849,,,0.4620603919029236,,
37,40899,,,0.5299469232559204,,
37,40949,,,0.4815482199192047,,
37,40999,,,0.5233692526817322,,
37,41049,,,0.46368730068206787,,
37,41099,,,0.4755902886390686,,
37,41149,,,0.5076431632041931,,
37,41199,,,0.5374657511711121,,
37,41249,,,0.43699198961257935,,
37,41299,,,0.49952182173728943,,
37,41349,,,0.5046858787536621,,
37,41399,,,0.5210364460945129,,
37,41449,,,0.48503345251083374,,
37,41499,,,0.40890225768089294,,
37,41549,,,0.471491277217865,,
37,41571,,,,0.8205999732017517,0.4874945282936096
37,41571,,0.8233143091201782,,,
38,41599,,,0.49759548902511597,,
38,41649,,,0.5297589898109436,,
38,41699,,,0.5424197912216187,,
38,41749,,,0.4687255024909973,,
38,41799,,,0.49852147698402405,,
38,41849,,,0.47870418429374695,,
38,41899,,,0.5043789148330688,,
38,41949,,,0.48481789231300354,,
38,41999,,,0.45797666907310486,,
38,42049,,,0.5446038246154785,,
38,42099,,,0.5136165618896484,,
38,42149,,,0.48193925619125366,,
38,42199,,,0.45887213945388794,,
38,42249,,,0.4666398763656616,,
38,42299,,,0.4682237505912781,,
38,42349,,,0.3932805061340332,,
38,42399,,,0.4825904965400696,,
38,42449,,,0.5092429518699646,,
38,42499,,,0.489923894405365,,
38,42549,,,0.5480027794837952,,
38,42599,,,0.4738231301307678,,
38,42649,,,0.48160791397094727,,
38,42665,,,,0.8216000199317932,0.48550522327423096
38,42665,,0.8237428665161133,,,
39,42699,,,0.37638014554977417,,
39,42749,,,0.63791823387146,,
39,42799,,,0.624456524848938,,
39,42849,,,0.4528859853744507,,
39,42899,,,0.5732846260070801,,
39,42949,,,0.481903612613678,,
39,42999,,,0.4900866746902466,,
39,43049,,,0.46225041151046753,,
39,43099,,,0.5571892857551575,,
39,43149,,,0.3778734803199768,,
39,43199,,,0.5092572569847107,,
39,43249,,,0.5196735262870789,,
39,43299,,,0.38316088914871216,,
39,43349,,,0.492295503616333,,
39,43399,,,0.4468224048614502,,
39,43449,,,0.45751067996025085,,
39,43499,,,0.5997850894927979,,
39,43549,,,0.5705686211585999,,
39,43599,,,0.42228829860687256,,
39,43649,,,0.5200854539871216,,
39,43699,,,0.4323028028011322,,
39,43749,,,0.47731539607048035,,
39,43759,,,,0.8226000070571899,0.48356127738952637
39,43759,,0.8245999813079834,,,
40,43799,,,0.44730132818222046,,
40,43849,,,0.4146392345428467,,
40,43899,,,0.5727459192276001,,
40,43949,,,0.45172396302223206,,
40,43999,,,0.5949673652648926,,
40,44049,,,0.5609995722770691,,
40,44099,,,0.42292800545692444,,
40,44149,,,0.42511072754859924,,
40,44199,,,0.4998433291912079,,
40,44249,,,0.5151242613792419,,
40,44299,,,0.5726795792579651,,
40,44349,,,0.46721428632736206,,
40,44399,,,0.4643697142601013,,
40,44449,,,0.4900703430175781,,
40,44499,,,0.506558358669281,,
40,44549,,,0.4305817484855652,,
40,44599,,,0.5687519907951355,,
40,44649,,,0.4318818151950836,,
40,44699,,,0.39811596274375916,,
40,44749,,,0.5560823082923889,,
40,44799,,,0.4100276529788971,,
40,44849,,,0.39987629652023315,,
40,44853,,,,0.8230000138282776,0.48166078329086304
40,44853,,0.8252000212669373,,,
41,44899,,,0.45142894983291626,,
41,44949,,,0.43601566553115845,,
41,44999,,,0.4509713351726532,,
41,45049,,,0.5081632137298584,,
41,45099,,,0.4633621871471405,,
41,45149,,,0.47067487239837646,,
41,45199,,,0.4013451933860779,,
41,45249,,,0.5909056067466736,,
41,45299,,,0.5524544715881348,,
41,45349,,,0.5391549468040466,,
41,45399,,,0.5244556069374084,,
41,45449,,,0.4626382887363434,,
41,45499,,,0.4363931119441986,,
41,45549,,,0.4694165587425232,,
41,45599,,,0.4102102518081665,,
41,45649,,,0.4708938002586365,,
41,45699,,,0.45550546050071716,,
41,45749,,,0.4556899666786194,,
41,45799,,,0.4811379015445709,,
41,45849,,,0.4505201280117035,,
41,45899,,,0.44456008076667786,,
41,45947,,,,0.8234000205993652,0.4798254370689392
41,45947,,0.8262285590171814,,,
42,45949,,,0.5245956778526306,,
42,45999,,,0.4841439127922058,,
42,46049,,,0.5420107245445251,,
42,46099,,,0.4318196177482605,,
42,46149,,,0.41605111956596375,,
42,46199,,,0.4314591586589813,,
42,46249,,,0.5480964779853821,,
42,46299,,,0.47065237164497375,,
42,46349,,,0.443430095911026,,
42,46399,,,0.45875057578086853,,
42,46449,,,0.4753313362598419,,
42,46499,,,0.49563920497894287,,
42,46549,,,0.48682084679603577,,
42,46599,,,0.46972599625587463,,
42,46649,,,0.47272059321403503,,
42,46699,,,0.4418054521083832,,
42,46749,,,0.4849553108215332,,
42,46799,,,0.44791096448898315,,
42,46849,,,0.42596471309661865,,
42,46899,,,0.5097423195838928,,
42,46949,,,0.44327810406684875,,
42,46999,,,0.46350499987602234,,
42,47041,,,,0.8245999813079834,0.4780206084251404
42,47041,,0.8268571496009827,,,
43,47049,,,0.6391100287437439,,
43,47099,,,0.4248863160610199,,
43,47149,,,0.4878123700618744,,
43,47199,,,0.4932962954044342,,
43,47249,,,0.4727913737297058,,
43,47299,,,0.49108222126960754,,
43,47349,,,0.5300745368003845,,
43,47399,,,0.5269100666046143,,
43,47449,,,0.5007362961769104,,
43,47499,,,0.3769863247871399,,
43,47549,,,0.45424771308898926,,
43,47599,,,0.5555224418640137,,
43,47649,,,0.4811517000198364,,
43,47699,,,0.3883229196071625,,
43,47749,,,0.4973607659339905,,
43,47799,,,0.4590120315551758,,
43,47849,,,0.4215194582939148,,
43,47899,,,0.5432770848274231,,
43,47949,,,0.40864452719688416,,
43,47999,,,0.4710201323032379,,
43,48049,,,0.5056250691413879,,
43,48099,,,0.5497727990150452,,
43,48135,,,,0.8256000280380249,0.4762609004974365
43,48135,,0.8273142576217651,,,
44,48149,,,0.43060004711151123,,
44,48199,,,0.4141694903373718,,
44,48249,,,0.4105287194252014,,
44,48299,,,0.4333324730396271,,
44,48349,,,0.44974347949028015,,
44,48399,,,0.35144662857055664,,
44,48449,,,0.5490037202835083,,
44,48499,,,0.5310221910476685,,
44,48549,,,0.4737333059310913,,
44,48599,,,0.6040940284729004,,
44,48649,,,0.5541043281555176,,
44,48699,,,0.49669405817985535,,
44,48749,,,0.45225322246551514,,
44,48799,,,0.49237358570098877,,
44,48849,,,0.474290132522583,,
44,48899,,,0.4314037263393402,,
44,48949,,,0.42036983370780945,,
44,48999,,,0.5034705996513367,,
44,49049,,,0.44784650206565857,,
44,49099,,,0.4407304525375366,,
44,49149,,,0.5002105832099915,,
44,49199,,,0.5537744760513306,,
44,49229,,,,0.8266000151634216,0.4745560586452484
44,49229,,0.8281428813934326,,,
45,49249,,,0.5585343241691589,,
45,49299,,,0.47012850642204285,,
45,49349,,,0.5331901907920837,,
45,49399,,,0.42161825299263,,
45,49449,,,0.48722246289253235,,
45,49499,,,0.48362115025520325,,
45,49549,,,0.46269920468330383,,
45,49599,,,0.5350247025489807,,
45,49649,,,0.4974665343761444,,
45,49699,,,0.469221830368042,,
45,49749,,,0.4616265892982483,,
45,49799,,,0.5486586093902588,,
45,49849,,,0.4102232754230499,,
45,49899,,,0.556036114692688,,
45,49949,,,0.48723578453063965,,
45,49999,,,0.4017082154750824,,
45,50049,,,0.5099329352378845,,
45,50099,,,0.4428119957447052,,
45,50149,,,0.44432270526885986,,
45,50199,,,0.4831118881702423,,
45,50249,,,0.4815967082977295,,
45,50299,,,0.5214567184448242,,
45,50323,,,,0.828000009059906,0.47288310527801514
45,50323,,0.8285714387893677,,,
46,50349,,,0.44658684730529785,,
46,50399,,,0.4980337917804718,,
46,50449,,,0.47228318452835083,,
46,50499,,,0.4272792637348175,,
46,50549,,,0.49299511313438416,,
46,50599,,,0.48717108368873596,,
46,50649,,,0.4046741724014282,,
46,50699,,,0.40408268570899963,,
46,50749,,,0.4315435588359833,,
46,50799,,,0.48138079047203064,,
46,50849,,,0.46161678433418274,,
46,50899,,,0.38258132338523865,,
46,50949,,,0.4901987314224243,,
46,50999,,,0.46283838152885437,,
46,51049,,,0.4278809726238251,,
46,51099,,,0.3550846576690674,,
46,51149,,,0.4438098967075348,,
46,51199,,,0.45704159140586853,,
46,51249,,,0.3948476016521454,,
46,51299,,,0.5708011984825134,,
46,51349,,,0.5270665884017944,,
46,51399,,,0.509872555732727,,
46,51417,,,,0.8288000226020813,0.47125443816185
46,51417,,0.829200029373169,,,
47,51449,,,0.4777423143386841,,
47,51499,,,0.4684043228626251,,
47,51549,,,0.4383805990219116,,
47,51599,,,0.531134843826294,,
47,51649,,,0.529525637626648,,
47,51699,,,0.4804682731628418,,
47,51749,,,0.5427412986755371,,
47,51799,,,0.5017005801200867,,
47,51849,,,0.5278202891349792,,
47,51899,,,0.4656313955783844,,
47,51949,,,0.47597479820251465,,
47,51999,,,0.44298261404037476,,
47,52049,,,0.5968261957168579,,
47,52099,,,0.45152100920677185,,
47,52149,,,0.44979754090309143,,
47,52199,,,0.4741237461566925,,
47,52249,,,0.5055084228515625,,
47,52299,,,0.48695874214172363,,
47,52349,,,0.4592921733856201,,
47,52399,,,0.574542760848999,,
47,52449,,,0.5043917894363403,,
47,52499,,,0.4192240536212921,,
47,52511,,,,0.829800009727478,0.46965575218200684
47,52511,,0.8296856880187988,,,
48,52549,,,0.49792200326919556,,
48,52599,,,0.4734143018722534,,
48,52649,,,0.48640939593315125,,
48,52699,,,0.41700470447540283,,
48,52749,,,0.38767287135124207,,
48,52799,,,0.5848690867424011,,
48,52849,,,0.4412042200565338,,
48,52899,,,0.4446288049221039,,
48,52949,,,0.46496477723121643,,
48,52999,,,0.507246196269989,,
48,53049,,,0.5380085706710815,,
48,53099,,,0.49866968393325806,,
48,53149,,,0.47286099195480347,,
48,53199,,,0.4189028739929199,,
48,53249,,,0.4749442934989929,,
48,53299,,,0.4474835991859436,,
48,53349,,,0.4640237092971802,,
48,53399,,,0.4019511938095093,,
48,53449,,,0.46907201409339905,,
48,53499,,,0.42329922318458557,,
48,53549,,,0.4776042401790619,,
48,53599,,,0.4956001341342926,,
48,53605,,,,0.829800009727478,0.46809643507003784
48,53605,,0.8304571509361267,,,
49,53649,,,0.4166097342967987,,
49,53699,,,0.4579467475414276,,
49,53749,,,0.4472794830799103,,
49,53799,,,0.4863691031932831,,
49,53849,,,0.4724987745285034,,
49,53899,,,0.5900733470916748,,
49,53949,,,0.46643319725990295,,
49,53999,,,0.44964271783828735,,
49,54049,,,0.4462911784648895,,
49,54099,,,0.4575982987880707,,
49,54149,,,0.44662511348724365,,
49,54199,,,0.599726140499115,,
49,54249,,,0.5294957756996155,,
49,54299,,,0.38637346029281616,,
49,54349,,,0.4141889214515686,,
49,54399,,,0.4785790741443634,,
49,54449,,,0.4651781916618347,,
49,54499,,,0.4795496463775635,,
49,54549,,,0.5114856362342834,,
49,54599,,,0.503876268863678,,
49,54649,,,0.4161703586578369,,
49,54699,,,0.4824641942977905,,
49,54699,,,,0.8302000164985657,0.4665702283382416
49,54699,,0.831514298915863,,,
50,54749,,,0.4949997365474701,,
50,54799,,,0.5223678350448608,,
50,54849,,,0.46901723742485046,,
50,54899,,,0.48866790533065796,,
50,54949,,,0.46202972531318665,,
50,54999,,,0.39814049005508423,,
50,55049,,,0.44542163610458374,,
50,55099,,,0.46956393122673035,,
50,55149,,,0.49769169092178345,,
50,55199,,,0.43932586908340454,,
50,55249,,,0.5448954701423645,,
50,55299,,,0.4606270492076874,,
50,55349,,,0.5564442873001099,,
50,55399,,,0.5018197298049927,,
50,55449,,,0.4662174582481384,,
50,55499,,,0.5552109479904175,,
50,55549,,,0.4679177701473236,,
50,55599,,,0.4519152343273163,,
50,55649,,,0.4186533987522125,,
50,55699,,,0.435184508562088,,
50,55749,,,0.5518661141395569,,
50,55793,,,,0.8307999968528748,0.4650718867778778
50,55793,,0.8312857151031494,,,
51,55799,,,0.44021347165107727,,
51,55849,,,0.45828312635421753,,
51,55899,,,0.5050489902496338,,
51,55949,,,0.4029757082462311,,
51,55999,,,0.6121721863746643,,
51,56049,,,0.38474926352500916,,
51,56099,,,0.4736528992652893,,
51,56149,,,0.4120105504989624,,
51,56199,,,0.4785115718841553,,
51,56249,,,0.4754243493080139,,
51,56299,,,0.498661607503891,,
51,56349,,,0.49436527490615845,,
51,56399,,,0.44344139099121094,,
51,56449,,,0.4372600317001343,,
51,56499,,,0.49729621410369873,,
51,56549,,,0.5225756764411926,,
51,56599,,,0.40677639842033386,,
51,56649,,,0.4373528063297272,,
51,56699,,,0.4530012905597687,,
51,56749,,,0.467580646276474,,
51,56799,,,0.4547994136810303,,
51,56849,,,0.369779497385025,,
51,56887,,,,0.8321999907493591,0.463622123003006
51,56887,,0.8325142860412598,,,
52,56899,,,0.47738054394721985,,
52,56949,,,0.4156397581100464,,
52,56999,,,0.42530643939971924,,
52,57049,,,0.49867966771125793,,
52,57099,,,0.4697970747947693,,
52,57149,,,0.4538682699203491,,
52,57199,,,0.42111504077911377,,
52,57249,,,0.495767742395401,,
52,57299,,,0.40908282995224,,
52,57349,,,0.5592216849327087,,
52,57399,,,0.3662559986114502,,
52,57449,,,0.5244960784912109,,
52,57499,,,0.4408954679965973,,
52,57549,,,0.47842103242874146,,
52,57599,,,0.4661498963832855,,
52,57649,,,0.41110968589782715,,
52,57699,,,0.4971182346343994,,
52,57749,,,0.4210720956325531,,
52,57799,,,0.48603180050849915,,
52,57849,,,0.4110420048236847,,
52,57899,,,0.438541978597641,,
52,57949,,,0.4699093997478485,,
52,57981,,,,0.8320000171661377,0.4621804654598236
52,57981,,0.8325428366661072,,,
53,57999,,,0.4618969261646271,,
53,58049,,,0.4625784456729889,,
53,58099,,,0.4442056715488434,,
53,58149,,,0.4163329303264618,,
53,58199,,,0.47008225321769714,,
53,58249,,,0.6031917929649353,,
53,58299,,,0.42392030358314514,,
53,58349,,,0.6233446002006531,,
53,58399,,,0.4376989006996155,,
53,58449,,,0.3645864427089691,,
53,58499,,,0.569701075553894,,
53,58549,,,0.4564281702041626,,
53,58599,,,0.33891522884368896,,
53,58649,,,0.4089850187301636,,
53,58699,,,0.40505844354629517,,
53,58749,,,0.472156286239624,,
53,58799,,,0.4529925286769867,,
53,58849,,,0.41277745366096497,,
53,58899,,,0.43591612577438354,,
53,58949,,,0.4676770567893982,,
53,58999,,,0.4564864933490753,,
53,59049,,,0.45008933544158936,,
53,59075,,,,0.8330000042915344,0.46077802777290344
53,59075,,0.8331714272499084,,,
54,59099,,,0.4439760148525238,,
54,59149,,,0.4351019263267517,,
54,59199,,,0.4813583791255951,,
54,59249,,,0.5657788515090942,,
54,59299,,,0.4938091039657593,,
54,59349,,,0.4427148401737213,,
54,59399,,,0.43363869190216064,,
54,59449,,,0.44169822335243225,,
54,59499,,,0.5039640069007874,,
54,59549,,,0.44407492876052856,,
54,59599,,,0.45328983664512634,,
54,59649,,,0.49982333183288574,,
54,59699,,,0.43599873781204224,,
54,59749,,,0.5591241121292114,,
54,59799,,,0.41942471265792847,,
54,59849,,,0.38576358556747437,,
54,59899,,,0.455549031496048,,
54,59949,,,0.4800848960876465,,
54,59999,,,0.42467549443244934,,
54,60049,,,0.4862452745437622,,
54,60099,,,0.4713818430900574,,
54,60149,,,0.42823314666748047,,
54,60169,,,,0.8335999846458435,0.4594179689884186
54,60169,,0.8340285420417786,,,
55,60199,,,0.42678701877593994,,
55,60249,,,0.5678139328956604,,
55,60299,,,0.43219679594039917,,
55,60349,,,0.39240458607673645,,
55,60399,,,0.36539754271507263,,
55,60449,,,0.44990161061286926,,
55,60499,,,0.5809321999549866,,
55,60549,,,0.42019420862197876,,
55,60599,,,0.4870341420173645,,
55,60649,,,0.4676867723464966,,
55,60699,,,0.40100371837615967,,
55,60749,,,0.40963560342788696,,
55,60799,,,0.3845890462398529,,
55,60849,,,0.4708065986633301,,
55,60899,,,0.43857407569885254,,
55,60949,,,0.47984829545021057,,
55,60999,,,0.4648590385913849,,
55,61049,,,0.4067017734050751,,
55,61099,,,0.5296218395233154,,
55,61149,,,0.42463722825050354,,
55,61199,,,0.43896397948265076,,
55,61249,,,0.4186321794986725,,
55,61263,,,,0.8342000246047974,0.45806553959846497
55,61263,,0.8341714143753052,,,
56,61299,,,0.4239136576652527,,
56,61349,,,0.43570107221603394,,
56,61399,,,0.4309191107749939,,
56,61449,,,0.4314158260822296,,
56,61499,,,0.38093656301498413,,
56,61549,,,0.4310404062271118,,
56,61599,,,0.43539780378341675,,
56,61649,,,0.4502280354499817,,
56,61699,,,0.48655131459236145,,
56,61749,,,0.4705228805541992,,
56,61799,,,0.45928579568862915,,
56,61849,,,0.43842843174934387,,
56,61899,,,0.502286970615387,,
56,61949,,,0.4836762845516205,,
56,61999,,,0.4221144914627075,,
56,62049,,,0.44303789734840393,,
56,62099,,,0.42845508456230164,,
56,62149,,,0.38126319646835327,,
56,62199,,,0.4704474210739136,,
56,62249,,,0.4488300085067749,,
56,62299,,,0.438210129737854,,
56,62349,,,0.3967266082763672,,
56,62357,,,,0.8352000117301941,0.4567488729953766
56,62357,,0.8345999717712402,,,
57,62399,,,0.4349474608898163,,
57,62449,,,0.43873947858810425,,
57,62499,,,0.4267776608467102,,
57,62549,,,0.5224932432174683,,
57,62599,,,0.5237168073654175,,
57,62649,,,0.41219910979270935,,
57,62699,,,0.44348716735839844,,
57,62749,,,0.4205499291419983,,
57,62799,,,0.4312387704849243,,
57,62849,,,0.4589974284172058,,
57,62899,,,0.44826892018318176,,
57,62949,,,0.4886349141597748,,
57,62999,,,0.5235950350761414,,
57,63049,,,0.4323056936264038,,
57,63099,,,0.4537946581840515,,
57,63149,,,0.4215281903743744,,
57,63199,,,0.5664077401161194,,
57,63249,,,0.4115474224090576,,
57,63299,,,0.4918278753757477,,
57,63349,,,0.48745518922805786,,
57,63399,,,0.5185801982879639,,
57,63449,,,0.4063453674316406,,
57,63451,,,,0.8353999853134155,0.45545291900634766
57,63451,,0.8349142670631409,,,
58,63499,,,0.5878176689147949,,
58,63549,,,0.4656847417354584,,
58,63599,,,0.44214922189712524,,
58,63649,,,0.3820122182369232,,
58,63699,,,0.41354691982269287,,
58,63749,,,0.49665138125419617,,
58,63799,,,0.3855654299259186,,
58,63849,,,0.4872894585132599,,
58,63899,,,0.5372323393821716,,
58,63949,,,0.3785734176635742,,
58,63999,,,0.39903727173805237,,
58,64049,,,0.476870596408844,,
58,64099,,,0.3872414231300354,,
58,64149,,,0.4841810166835785,,
58,64199,,,0.466168612241745,,
58,64249,,,0.46524864435195923,,
58,64299,,,0.47190648317337036,,
58,64349,,,0.42785197496414185,,
58,64399,,,0.42772939801216125,,
58,64449,,,0.49124693870544434,,
58,64499,,,0.4999365508556366,,
58,64545,,,,0.8352000117301941,0.4541834890842438
58,64545,,0.8357428312301636,,,
59,64549,,,0.44931578636169434,,
59,64599,,,0.4756108820438385,,
59,64649,,,0.46132567524909973,,
59,64699,,,0.5764411687850952,,
59,64749,,,0.48257970809936523,,
59,64799,,,0.4392629861831665,,
59,64849,,,0.4314173460006714,,
59,64899,,,0.5162085890769958,,
59,64949,,,0.36711928248405457,,
59,64999,,,0.38860559463500977,,
59,65049,,,0.41180387139320374,,
59,65099,,,0.4802969694137573,,
59,65149,,,0.5491136312484741,,
59,65199,,,0.4709402322769165,,
59,65249,,,0.48644885420799255,,
59,65299,,,0.45559021830558777,,
59,65349,,,0.44127416610717773,,
59,65399,,,0.4568328261375427,,
59,65449,,,0.37907081842422485,,
59,65499,,,0.4003002643585205,,
59,65549,,,0.504256546497345,,
59,65599,,,0.5508555769920349,,
59,65639,,,,0.8361999988555908,0.4529292583465576
59,65639,,0.8363714218139648,,,
60,65640,0.83160001039505,,,,
